prompt_tokens,actual_prompt_tokens,runs_total,runs_valid,runs_failed,ttft_mean_s,ttft_p50_s,ttft_p90_s,tpot_excl_first_mean_s,tpot_excl_first_p50_s,tpot_excl_first_p90_s,total_latency_mean_s
524160,524160,20,20,0,67.50432831859216,67.49543611239642,67.54606428910047,0.011841958461122381,0.011838365252120326,0.011872472877454276,68.67668220624327
