prompt_tokens,actual_prompt_tokens,runs_total,runs_valid,runs_failed,ttft_mean_s,ttft_p50_s,ttft_p90_s,tpot_excl_first_mean_s,tpot_excl_first_p50_s,tpot_excl_first_p90_s,total_latency_mean_s
1048448,1048448,1,1,0,247.58643547818065,247.58643547818065,247.58643547818065,0.014589221602437473,0.014589221602437473,0.014589221602437473,249.03076841682196
2097024,2097024,1,1,0,953.960253983736,953.960253983736,953.960253983736,0.02513165504793928,0.02513165504793928,0.02513165504793928,956.448287833482
4194176,4194176,1,0,1,,,,,,,
