prompt_tokens,actual_prompt_tokens,runs_total,runs_valid,runs_failed,ttft_mean_s,ttft_p50_s,ttft_p90_s,tpot_excl_first_mean_s,tpot_excl_first_p50_s,tpot_excl_first_p90_s,total_latency_mean_s
1024,1024,20,20,0,0.013625237997621298,0.013563713058829308,0.013793877139687537,0.004210930394780155,0.004204172010749879,0.004225610975514759,0.4305073470808566
2048,2048,20,20,0,0.016791097540408372,0.016076442785561085,0.01672733835875988,0.004211150787093423,0.004209282666896329,0.00422078279044592,0.4336950254626572
4096,4096,20,20,0,0.02288801409304142,0.021744275465607643,0.022309533692896368,0.004219631147994236,0.004217940909468164,0.0042241078773231225,0.44063149774447086
8192,8192,20,20,0,0.036187960859388114,0.033934175968170166,0.03465769533067942,0.004250577747859437,0.004247552376579155,0.0042600727066247155,0.45699515789747236
16384,16384,20,20,0,0.06227915724739432,0.05703274253755808,0.059142366796731946,0.004373853648965708,0.004370498169928488,0.004381117251033735,0.4952906684949994
32768,32768,20,20,0,0.1191554244607687,0.10491110011935234,0.10769834648817778,0.004575224554711821,0.004570294265644719,0.004581514281230142,0.572102655377239
65536,65536,20,20,0,0.2464418362826109,0.2039867304265499,0.20945169292390348,0.005010267531480452,0.005000365992086102,0.005024529325615878,0.7424583218991756
98304,98304,20,20,0,0.3761886919848621,0.31147458776831627,0.3196434000506997,0.005329938524524973,0.00530485984765821,0.005327290866636868,0.9038526059128345
