prompt_tokens,actual_prompt_tokens,runs_total,runs_valid,runs_failed,ttft_mean_s,ttft_p50_s,ttft_p90_s,tpot_excl_first_mean_s,tpot_excl_first_p50_s,tpot_excl_first_p90_s,total_latency_mean_s
1048448,1048448,2,2,0,120.72044142521918,120.72044142521918,120.7440227869898,0.011909249295113665,0.011909249295113665,0.011925717403717112,121.89945710543543
