prompt_tokens,actual_prompt_tokens,runs_total,runs_valid,runs_failed,ttft_mean_s,ttft_p50_s,ttft_p90_s,tpot_excl_first_mean_s,tpot_excl_first_p50_s,tpot_excl_first_p90_s,total_latency_mean_s
1048448,1048448,1,1,0,120.5183071475476,120.5183071475476,120.5183071475476,0.011890424001548026,0.011890424001548026,0.011890424001548026,121.69545912370086
2097024,2097024,1,1,0,368.2790064588189,368.2790064588189,368.2790064588189,0.014768828496788487,0.014768828496788487,0.014768828496788487,369.741120480001
4194176,4194176,1,1,0,1250.8069497477263,1250.8069497477263,1250.8069497477263,0.020588215214736534,0.020588215214736534,0.020588215214736534,1252.8451830539852
