prompt_tokens,actual_prompt_tokens,runs_total,runs_valid,runs_failed,ttft_mean_s,ttft_p50_s,ttft_p90_s,tpot_excl_first_mean_s,tpot_excl_first_p50_s,tpot_excl_first_p90_s,total_latency_mean_s
1024,1024,20,20,0,0.10415478618815541,0.1041017659008503,0.1054116491228342,0.008389700738468555,0.008391149972349105,0.008406883956055449,0.9347351592965424
2048,2048,20,20,0,0.114848449267447,0.11478541139513254,0.11620093956589699,0.008432886775846433,0.00839650563218377,0.00850069515708119,0.9497042400762439
4096,4096,20,20,0,0.14102247441187502,0.13965122122317553,0.14164348877966404,0.00838398469630817,0.008382555464226189,0.008396978441136653,0.9710369593463838
8192,8192,20,20,0,0.21248694648966193,0.2119885440915823,0.21469530519098043,0.008417805437600673,0.008404366944850694,0.008496445699623137,1.0458496848121286
16384,16384,20,20,0,0.363030013255775,0.3625020934268832,0.3655474292114377,0.00841498395540949,0.008414075437067736,0.008440251900541661,1.1961134248413146
32768,32768,20,20,0,0.6819931359961628,0.6809917874634266,0.6844697676599025,0.008479313349181955,0.008480187392596043,0.008505670831661032,1.5214451575651764
65536,65536,20,20,0,1.4155657081864774,1.4147812789306045,1.4205729944631458,0.008637882812381393,0.00863225728913088,0.008651236971520414,2.270716106612235
98304,98304,20,20,0,2.298951699305326,2.2997999312356114,2.304456631653011,0.008719749233186847,0.008716592292367207,0.008749883089477968,3.1622068733908235
