prompt_tokens,actual_prompt_tokens,runs_total,runs_valid,runs_failed,ttft_mean_s,ttft_p50_s,ttft_p90_s,tpot_excl_first_mean_s,tpot_excl_first_p50_s,tpot_excl_first_p90_s,total_latency_mean_s
524160,524160,20,20,0,26.25287729529664,26.248231384903193,26.29622469544411,0.01052726399849611,0.010519046054193468,0.010575602147163767,27.295076431147756
