prompt_tokens,actual_prompt_tokens,runs_total,runs_valid,runs_failed,ttft_mean_s,ttft_p50_s,ttft_p90_s,tpot_excl_first_mean_s,tpot_excl_first_p50_s,tpot_excl_first_p90_s,total_latency_mean_s
1024,1024,3,0,3,,,,,,,
2048,2048,3,0,3,,,,,,,
4096,4096,3,0,3,,,,,,,
8192,8192,3,0,3,,,,,,,
16384,16384,3,0,3,,,,,,,
32768,32768,3,0,3,,,,,,,
65536,65536,3,3,0,1.40703257607917,1.406879797577858,1.4081519529223443,0.011774986982345581,0.011724978685379028,0.011995280782381695,1.4423575370262067
98304,98304,3,3,0,2.3191290808220706,2.28018437884748,2.374333496019244,0.012258287312255966,0.012285322571794191,0.012310494109988215,2.355903942758838
131072,131072,3,0,3,,,,,,,
