prompt_tokens,actual_prompt_tokens,runs_total,runs_valid,runs_failed,ttft_mean_s,ttft_p50_s,ttft_p90_s,tpot_excl_first_mean_s,tpot_excl_first_p50_s,tpot_excl_first_p90_s,total_latency_mean_s
1024,1024,20,20,0,0.10461586685851217,0.10387912206351757,0.10635843668133022,0.00834729385214171,0.008345889332092772,0.00836267587023251,0.9309979582205414
2048,2048,20,20,0,0.11530370712280273,0.1147279217839241,0.11673562340438366,0.008366208773746033,0.008366577788209073,0.008389701054553793,0.94355837572366
4096,4096,20,20,0,0.1423341352492571,0.1396108791232109,0.14339261781424287,0.008352670297402926,0.008352154292015716,0.0083635622108675,0.9692484946921468
8192,8192,20,20,0,0.2115279112011194,0.21134406700730324,0.21240985468029977,0.00836348297130881,0.008360450287735221,0.008377239070456437,1.0395127253606915
16384,16384,20,20,0,0.3623233978636563,0.3623763881623745,0.36365317571908234,0.008402144104580988,0.008397264707118574,0.00842071430701198,1.194135664217174
32768,32768,20,20,0,0.6809883283451199,0.6798397907987237,0.6822555413469672,0.008457744772536586,0.008452051187479737,0.008479423781461787,1.518305060826242
65536,65536,20,20,0,1.4137800279073418,1.4131614305078983,1.4193907311186194,0.008596441419701083,0.008595628024201201,0.008604308411554256,2.2648277284577487
98304,98304,20,0,20,,,,,,,
