prompt_tokens,actual_prompt_tokens,runs_total,runs_valid,runs_failed,ttft_mean_s,ttft_p50_s,ttft_p90_s,tpot_excl_first_mean_s,tpot_excl_first_p50_s,tpot_excl_first_p90_s,total_latency_mean_s
1024,1024,20,20,0,0.028579905908554793,0.02849140577018261,0.029217383824288845,0.004229538396678187,0.004227096271334272,0.0042444387526072635,0.4473042071796954
2048,2048,20,20,0,0.03030977603048086,0.030079266987740993,0.03129441924393177,0.004254273656341765,0.004250195347751029,0.004271507334679065,0.45148286800831555
4096,4096,20,20,0,0.03486796980723739,0.034125570207834244,0.03575006313621998,0.00426579321066689,0.004262791372685119,0.004279339819619752,0.4571814976632595
8192,8192,20,20,0,0.04443510826677084,0.04233658965677023,0.04402101207524539,0.004278258671701857,0.004276661964302713,0.00428299999447784,0.4679827167652547
16384,16384,20,20,0,0.06478645112365485,0.05913908872753382,0.06294623669236898,0.004403606338445286,0.004401632575224144,0.004412907883148603,0.5007434786297381
32768,32768,20,20,0,0.12041574157774448,0.10590298566967249,0.11096684392541648,0.004607167587888361,0.004600837488066067,0.004616048512509977,0.5765253327786922
65536,65536,20,20,0,0.24871629774570464,0.20595734659582376,0.21148887611925604,0.005139942059876642,0.005134638116666765,0.00516353774853427,0.7575705616734922
98304,98304,20,20,0,0.37679868964478375,0.3131984965875745,0.3191298823803663,0.005379223025808431,0.005353978646900317,0.00537287030895852,0.9093417691998184
