prompt_tokens,actual_prompt_tokens,runs_total,runs_valid,runs_failed,ttft_mean_s,ttft_p50_s,ttft_p90_s,tpot_excl_first_mean_s,tpot_excl_first_p50_s,tpot_excl_first_p90_s,total_latency_mean_s
1024,1024,3,3,0,0.10349497633675735,0.10386133939027786,0.10458133518695832,0.008337239436930679,0.008333521565855151,0.008342533366698207,0.9288816805928946
2048,2048,3,3,0,0.11501518016060193,0.11517316661775112,0.11531046889722346,0.008331053159654342,0.00833353212084433,0.008335144155555302,0.9397894429663817
4096,4096,3,3,0,0.14724992277721563,0.14140292443335056,0.1572439659386873,0.008336846713566218,0.008339509800678551,0.00834304193279358,0.9725977474202713
8192,8192,3,3,0,0.21222352981567383,0.21244998089969158,0.2133665543049574,0.00834852667142847,0.008345763151994859,0.008359542240699132,1.0387276702870925
16384,16384,3,3,0,0.3628351179262002,0.3622457720339298,0.36413006111979485,0.008388396898152852,0.008388454452006503,0.008394443183535277,1.1932864108433325
32768,32768,3,3,0,0.6856592645247778,0.6798099614679813,0.6941015668213368,0.008437884030769569,0.008438714751691528,0.00844101622851208,1.521009783570965
65536,65536,3,3,0,1.410646083454291,1.4073065724223852,1.4171160589903593,0.00858567651950751,0.00858762220601843,0.008588246293742247,2.2606280588855348
98304,98304,3,0,3,,,,,,,
131072,131072,3,0,3,,,,,,,
